<?xml version="1.0" encoding="utf-8" ?>
<TtcpTransmitProject Name="TwoEye1000 to HP9870" TtcpVersion="1.0.0.1">
    <ProjectRemarks>These are simple tests using the default TTCP settings.</ProjectRemarks>
    <Test Name="Test1" TestGuid="{2934A28E-F904-4593-AF2D-E42A98C24032}">
        <TestRemarks>This is a simple TTCP test from TwoEye1000 to HP9870 using default settings.</TestRemarks>
        <TransmitterSettings>
            <ApplicationBufferSize>8192</ApplicationBufferSize>
            <SocketOptionBufferSize>8192</SocketOptionBufferSize>
            <SocketOptionNoDelay>false</SocketOptionNoDelay>
            <NumberOfBuffers>2048</NumberOfBuffers>
            <ReceiverHostName>HP9870</ReceiverHostName>
            <TtcpPort>5001</TtcpPort>
        </TransmitterSettings>
    </Test>
</TtcpTransmitProject>
